{"cameraMode":{"drawMode":0,"name":"Shaded","section":"Shading Mode"},"sceneLighting":true,"audioPlay":false,"sceneViewState":{"showFog":true,"showMaterialUpdate":false,"showSkybox":true,"showFlares":true,"showImageEffects":true,"showParticleSystems":true},"in2DMode":false,"pivot":{"x":635.1181030273438,"y":128.33029174804688,"z":568.0076293945313},"rotation":{"x":-0.06887514144182205,"y":-0.2094399780035019,"z":0.014782029204070568,"w":-0.975326418876648},"size":3.5445175170898439,"orthographic":false}