{"cameraMode":{"drawMode":0,"name":"Shaded","section":"Shading Mode"},"sceneLighting":true,"audioPlay":false,"sceneViewState":{"showFog":true,"showMaterialUpdate":false,"showSkybox":true,"showFlares":true,"showImageEffects":true,"showParticleSystems":true},"in2DMode":false,"pivot":{"x":881.892333984375,"y":92.761474609375,"z":496.759765625},"rotation":{"x":0.09841392189264298,"y":0.6486363410949707,"z":-0.08513820171356201,"w":0.7499032020568848},"size":260.2964172363281,"orthographic":false}